{
    "w": 1920,
    "h": 1080,
    "fl_x": 987.6810813153397,
    "fl_y": 985.3098653053509,
    "cx": 956.1426086711866,
    "cy": 534.4923979192074,
    "k1": 0.006049977379199808,
    "k2": 0.008064504976758742,
    "k3": -0.0018670959374611615,
    "k4": -0.022940679395187822,
    "p1": 0,
    "p2": 0,
    "camera_model": "OPENCV_FISHEYE"
}