{
    "fx": 987.6810813153397,
    "fy": 985.3098653053509,
    "cx": 956.1426086711866,
    "cy": 534.4923979192074,
    "k": [
        0.006049977379199808,
        0.008064504976758742,
        -0.0018670959374611615,
        -0.022940679395187822
    ],
    "p": [
        0,
        0
    ]
}