{
    "fx": 996.6736408500909,
    "fy": 997.2658401082836,
    "cx": 975.7952209507882,
    "cy": 533.1905917835691,
    "k": [
        0.01891059284793591,
        -0.07282395098503065,
        0.11215634292642779,
        -0.04104367970240796
    ],
    "p": [
        0,
        0
    ]
}