{
    "w": 1920,
    "h": 1080,
    "fl_x": 996.6736408500909,
    "fl_y": 997.2658401082836,
    "cx": 975.7952209507882,
    "cy": 533.1905917835691,
    "k1": 0.01891059284793591,
    "k2": -0.07282395098503065,
    "k3": 0.11215634292642779,
    "k4": -0.04104367970240796,
    "p1": 0,
    "p2": 0,
    "camera_model": "OPENCV_FISHEYE"
}